Step,I/O Time,I/O Time,I/O Time
,mean,min,max
RebinningStep,4.651706176645615,4.193541526794434,5.5942065715789795
CalibrationStep,0.0,0.0,0.0
SubtractionStep,0.0,0.0,0.0
ApplyCalibrationStep,2.847552117179422,2.5637736320495605,3.2175168991088867
Imaging,246.09389328956604,246.09389328956604,246.09389328956604
