Step,I/O Time,I/O Time,I/O Time
,mean,min,max
RebinningStep,4.7512118325513955,4.1237242221832275,5.507728815078735
CalibrationStep,0.0,0.0,0.0
SubtractionStep,0.0,0.0,0.0
ApplyCalibrationStep,2.718715811476988,2.4085798263549805,3.3886876106262207
Imaging,95.488365650177,95.488365650177,95.488365650177
