Step,I/O Time,I/O Time,I/O Time
,mean,min,max
RebinningStep,3.8637892849305095,3.217604637145996,4.433030366897583
CalibrationStep,0.0,0.0,0.0
SubtractionStep,0.0,0.0,0.0
ApplyCalibrationStep,2.460319838103126,2.158937692642212,2.8661692142486572
Imaging,82.85977387428284,82.85977387428284,82.85977387428284
